episodio,inicio_x,inicio_y,inicio_angulo_graus,motivo,passos,recompensa,menor_distancia
1,10.585243225097656,17.267255783081055,-27.681673049926758,alvo,56,116.48343958954014,0.2603880754009299
2,14.169511795043945,4.3798017501831055,-116.83735656738281,colisao,78,-46.279730159649134,7.69035238218087
3,10.20578670501709,12.763861656188965,48.384342193603516,alvo,30,108.49493084389829,0.2993777350204688
4,16.30908966064453,17.38692855834961,39.96846008300781,colisao,3,-50.29732630644042,6.047368550646595
5,4.382654190063477,7.049137115478516,47.15140151977539,alvo,107,130.61981293723161,0.251703374457226
6,9.478754043579102,10.219926834106445,-67.58595275878906,colisao,4,-49.718578653733516,4.174542724999615
7,6.091881275177002,9.955828666687012,131.8712921142578,alvo,86,122.95519432437668,0.2763720341152696
8,9.974114418029785,14.709468841552734,-136.57366943359375,colisao,1,-50.1,4.087024792521735
9,15.865743637084961,14.473443031311035,16.2244815826416,alvo,169,123.33606448523457,0.28549916944050674
10,13.080974578857422,21.010963439941406,3.7520413398742676,alvo,100,127.07001485955678,0.27675991797099136
11,12.850824356079102,14.062477111816406,44.96525573730469,alvo,47,107.92755174625889,0.2811501471540795
12,12.95403003692627,20.216218948364258,-150.04978942871094,alvo,92,124.70889864155143,0.2655424155572258
13,11.413091659545898,13.362844467163086,-122.7745132446289,alvo,30,106.74824774386381,0.25783500947182203
14,13.285829544067383,13.305197715759277,-39.97779083251953,alvo,13,102.92313881265939,0.2969560564154529
15,14.640917778015137,14.236246109008789,69.01264190673828,alvo,61,110.50952721706895,0.28973879865087454
16,6.594355583190918,12.315075874328613,59.98483657836914,alvo,67,119.40501386735247,0.2541397662899007
17,12.702034950256348,20.31614875793457,19.172643661499023,alvo,97,125.45662509520066,0.25309814499716005
18,16.405487060546875,9.23610782623291,-65.95635223388672,colisao,128,-47.39841068508204,4.365753556151704
19,6.801881790161133,4.105963706970215,118.48053741455078,colisao,7,-49.53288261406144,10.281353433747743
20,6.5024800300598145,13.256881713867188,28.278526306152344,alvo,67,119.7127295761941,0.27403141749848536
21,4.944807529449463,13.54461669921875,110.50872039794922,colisao,6,-50.12814751669955,8.36398211342254
22,7.571905136108398,17.545753479003906,-122.01515197753906,colisao,5,-49.544934090674815,7.684717495770284
23,11.53341293334961,20.780746459960938,174.06776428222656,alvo,97,126.63617329229774,0.27300723624699014
24,8.652220726013184,13.146326065063477,-146.40237426757812,alvo,66,115.35748346758555,0.2664524867240081
25,8.782310485839844,18.084623336791992,87.07037353515625,colisao,9,-50.83780415980627,7.35831315312399
26,3.186007261276245,18.74394989013672,-76.84681701660156,alvo,127,136.07200125305945,0.27657981147914934
27,5.884219169616699,15.966275215148926,-139.8988037109375,alvo,95,125.44365112987288,0.25650829766593386
28,8.45429515838623,10.517145156860352,95.43458557128906,alvo,54,114.9457960079628,0.26234924583612484
29,15.644999504089355,8.089592933654785,153.9275665283203,alvo,46,113.58993609293304,0.2876534967938135
30,14.413766860961914,13.777531623840332,90.59183502197266,alvo,50,108.42946482583918,0.2757037244597721
