passo,x,y,angulo_graus,acao,recompensa
0,12.95403003692627,20.216218948364258,-150.04978942871094,,0.0
1,12.86738395690918,20.16629409790039,-150.04978942871094,2,0.19351363306012495
2,12.78073787689209,20.116369247436523,-150.04978942871094,2,0.19154217788094066
3,12.694091796875,20.066444396972656,-150.04978942871094,2,0.18953638073826654
4,12.60744571685791,20.01651954650879,-150.04978942871094,2,0.18749621826540377
5,12.52079963684082,19.966594696044922,-150.04978942871094,2,0.1854217110108806
6,12.438873291015625,19.90925407409668,-147.5338592529297,3,0.19900217884449525
7,12.346254348754883,19.87154769897461,-152.6630859375,0,0.1556571132700814
8,12.25742244720459,19.825626373291016,-152.6630859375,2,0.17049418551676113
9,12.168590545654297,19.779705047607422,-152.6630859375,2,0.1682043347754675
10,12.079758644104004,19.733783721923828,-152.6630859375,2,0.16588372669269483
11,11.990926742553711,19.687862396240234,-152.6630859375,2,0.16353288258577373
12,11.911751747131348,19.62677764892578,-147.5338592529297,4,0.1943402533496407
13,11.83242130279541,19.565895080566406,-145.01791381835938,3,0.1918101208812061
14,11.755839347839355,19.501588821411133,-142.50196838378906,3,0.1974746199029113
15,11.682154655456543,19.433982849121094,-139.9860382080078,3,0.2030617460389376
16,11.6115083694458,19.36320686340332,-137.4700927734375,3,0.20856661555557068
17,11.544036865234375,19.289398193359375,-134.9541473388672,3,0.2139812070164048
18,11.479870796203613,19.21269989013672,-132.43820190429688,3,0.2193003938498194
19,11.419133186340332,19.133258819580078,-129.92227172851562,3,0.2245212849676367
20,11.369726181030273,19.046316146850586,-124.79302978515625,4,0.24315376935291902
21,11.328289985656738,18.955305099487305,-119.66378784179688,4,0.25386761681335945
22,11.295156478881836,18.86095428466797,-114.53453826904297,4,0.2636852714999044
23,11.270590782165527,18.764019012451172,-109.4052963256836,4,0.27252044466686376
24,11.254790306091309,18.66527557373047,-104.27604675292969,4,0.28028572708569965
25,11.238737106323242,18.566572189331055,-101.7601089477539,3,0.2794976845840388
26,11.227032661437988,18.467260360717773,-99.2441635131836,3,0.28268052732937965
27,11.219698905944824,18.367528915405273,-96.72822570800781,3,0.28564302935145525
28,11.216750144958496,18.2675724029541,-94.21228790283203,3,0.28836460558707555
29,11.218192100524902,18.167583465576172,-91.69634246826172,3,0.2908373063725932
30,11.215231895446777,18.067626953125,-91.69634246826172,2,0.2876684685128609
31,11.212271690368652,17.967670440673828,-91.69634246826172,2,0.28727662947075705
32,11.218101501464844,17.867839813232422,-89.18040466308594,3,0.29244314049591436
33,11.228307723999023,17.768362045288086,-86.66445922851562,3,0.29445144840961246
34,11.234126091003418,17.66853141784668,-86.66445922851562,2,0.2919615515888111
35,11.239944458007812,17.568700790405273,-86.66445922851562,2,0.29168590327729793
36,11.254508018493652,17.46976661682129,-84.14852142333984,3,0.2957845860382363
37,11.27340030670166,17.371566772460938,-81.63257598876953,3,0.29728284718850373
38,11.287952423095703,17.27263069152832,-81.63257598876953,2,0.29550286531942793
39,11.302504539489746,17.173694610595703,-81.63257598876953,2,0.2953357628215073
40,11.317056655883789,17.074758529663086,-81.63257598876953,2,0.2951592910638986
41,11.331608772277832,16.97582244873047,-81.63257598876953,2,0.2949727457393386
42,11.346160888671875,16.87688636779785,-81.63257598876953,2,0.2947753560574128
43,11.342763900756836,16.77694320678711,-86.76182556152344,0,0.282993418730522
44,11.34841251373291,16.67710304260254,-86.76182556152344,2,0.2890597792130766
45,11.354061126708984,16.57726287841797,-86.76182556152344,2,0.2886117950153565
46,11.359709739685059,16.4774227142334,-86.76182556152344,2,0.2881365923533131
47,11.365358352661133,16.377582550048828,-86.76182556152344,2,0.28763199807358786
48,11.379753112792969,16.278623580932617,-84.24588775634766,3,0.29263071996619805
49,11.389779090881348,16.179126739501953,-84.24588775634766,2,0.28966469397262384
50,11.399805068969727,16.07962989807129,-84.24588775634766,2,0.28919379890088803
51,11.409831047058105,15.980134010314941,-84.24588775634766,2,0.2886892295459592
52,11.428556442260742,15.881902694702148,-81.72994232177734,3,0.29343301768205554
53,11.442940711975098,15.782942771911621,-81.72994232177734,2,0.29059918394241213
54,11.457324981689453,15.683982849121094,-81.72994232177734,2,0.29012787855743605
55,11.471709251403809,15.585022926330566,-81.72994232177734,2,0.28962120796975943
56,11.494728088378906,15.48770809173584,-79.21400451660156,3,0.294125360142765
57,11.521997451782227,15.391497611999512,-76.69805908203125,3,0.29581059417263444
58,11.545005798339844,15.294180870056152,-76.69805908203125,2,0.29351102117616834
59,11.568014144897461,15.196864128112793,-76.69805908203125,2,0.29313690428743777
60,11.599480628967285,15.101943969726562,-74.18212127685547,3,0.29672479489873405
61,11.635083198547363,15.008496284484863,-71.66617584228516,3,0.29798251260773545
62,11.66653823852539,14.913572311401367,-71.66617584228516,2,0.29634918316649406
63,11.697993278503418,14.818648338317871,-71.66617584228516,2,0.29610952953964753
64,11.729448318481445,14.723724365234375,-71.66617584228516,2,0.29584574037970535
65,11.769118309020996,14.631929397583008,-69.15023803710938,3,0.29851918063093164
66,11.812779426574707,14.541964530944824,-66.6343002319336,3,0.2993366291484397
67,11.860347747802734,14.45400333404541,-64.11835479736328,3,0.29984113863297723
68,11.911731719970703,14.36821460723877,-61.6024169921875,3,0.29999897766875916
69,11.966832160949707,14.284764289855957,-59.08647537231445,3,0.29976572494728015
70,12.025542259216309,14.203813552856445,-56.57053756713867,3,0.2990913615399954
71,12.073090553283691,14.115840911865234,-59.08647537231445,1,0.2998749358619527
72,12.116731643676758,14.025866508483887,-61.6024169921875,1,0.2993280494666196
73,12.156380653381348,13.934062957763672,-64.11835479736328,1,0.2982885938139782
74,12.200032234191895,13.844093322753906,-64.11835479736328,2,0.29914767352012406
75,12.243683815002441,13.75412368774414,-64.11835479736328,2,0.29905445942641184
76,12.279265403747559,13.66066837310791,-66.6343002319336,1,0.2962796566028473
77,12.318924903869629,13.568869590759277,-66.6343002319336,2,0.29746689604290155
78,12.3585844039917,13.477070808410645,-66.6343002319336,2,0.2971378499570875
79,12.39824390411377,13.385272026062012,-66.6343002319336,2,0.29674080654413204
80,12.429688453674316,13.29034423828125,-69.15023803710938,1,0.291941149563533
81,12.465280532836914,13.196892738342285,-69.15023803710938,2,0.29322565884058915
82,12.500872611999512,13.10344123840332,-69.15023803710938,2,0.2920594582751156
83,12.528120040893555,13.007225036621094,-71.66617584228516,1,0.284209550940031
84,12.559575080871582,12.912301063537598,-71.66617584228516,2,0.2847673733031547
85,12.582571983337402,12.814981460571289,-74.18212127685547,1,0.2728483994001233
86,12.609829902648926,12.718768119812012,-74.18212127685547,2,0.2713706682470295
87,12.653874397277832,12.628990173339844,-69.05287170410156,4,0.2825870499291371
88,12.705768585205078,12.543509483337402,-63.92362594604492,4,0.2851693968192738
89,12.765096664428711,12.46300983428955,-58.79438018798828,4,0.28727237630009095
90,12.81690788269043,12.37747859954834,-58.79438018798828,2,0.272081388812193
91,12.868719100952148,12.291947364807129,-58.79438018798828,2,0.2568042814085987
92,12.935007095336914,12.217074394226074,-53.665138244628906,4,100.25652363878372
